{
  "accounts": [
    {
      "id": "3-YLju5f3",
      "title": "买电脑",
      "time": "2023-02-08",
      "type": "-1",
      "account": "5500",
      "remarks": "为了上网课"
    },
    {
      "id": "3-YLju5f4",
      "title": "请女朋友吃饭",
      "time": "2023-02-08",
      "type": "-1",
      "account": "214",
      "remarks": "情人节聚餐"
    },
    
    {
      "id": "mRQiD4s3K",
      "title": "发工资",
      "time": "2023-02-19",
      "type": "1",
      "account": "4396",
      "remarks": "终于发工资啦!~~"
    }
  ],
  "users":[
    {
      "id": 1,
      "name": "zhangsan",
      "age": 18
    },
    {
      "id": 2,
      "name": "lisi",
      "age": 20
    },
    {
      "id": 3,
      "name": "wangwu",
      "age": 22
    }
  ]
}